"word","n"
"kong",1297
"hunan",939
"1",795
"peking",767
"szechuan",502
"ming",443
"beijing",370
"wah",365
"ii",316
"chinatown",313
"fu",308
"wong",302
"bbq",277
"hing",270
"suey",221
"bao",204
"sushi",179
"2",165
"sichuan",154
"wei",142
"cheng",130
"yum",129
"lai",120
"xing",116
"chopstix",115
"88",114
"tai",108
"p.f",102
"hai",101
"jing",101
"buffett",99
"yu",89
"kung",88
"ching",86
"manchu",86
"wu",86
"jiang",80
"fong",77
"hua",77
"feng",75
"yan",74
"chuan",73
"iii",73
"shang",71
"xiang",71
"yi",69
"chong",67
"chung",67
"3",66
"xin",66
"8",64
"stix",63
"fung",60
"hao",60
"liu",60
"taipei",57
"foo",56
"shing",56
"chengdu",54
"tokyo",54
"ying",54
"lu",52
"tian",52
"chu",51
"formosa",51
"lao",51
"buddha",48
"huang",48
"inc",48
"chun",46
"ji",46
"sheng",46
"bei",45
"zheng",45
"yuen",42
"jia",41
"malatang",41
"cheung",40
"eggroll",40
"hotpot",40
"shan",40
"chao",38
"hui",38
"kowloon",38
"taiwanese",38
"yunnan",38
"cantonese",36
"cathay",36
"halal",36
"ny",36
"xiao",36
"yee",36
"shangri",35
"zhang",35
"lan",34
"mein",33
"mulan",33
"qing",33
"shabu",33
"小",33
"chens",32
"po",32
"le",31
"xpress",31
"co",30
"du",30
"xian",30
"zhou",30
"dimsum",29
"tsing",29
"wongs",29
"xi'an",29
"yung",29
"味",29
"7",28
"hk",28
"ju",28
"qq",28
"sze",28
"香",28
"5",27
"pao",27
"wa",27
"bobo",26
"mee",26
"pei",26
"yao",26
"yeung",26
"食",26
"choy",25
"jian",25
"usa",25
"店",25
"4",24
"mai",24
"moy",24
"peng",24
"大",24
"麻辣",24
"99",23
"shi",23
"shu",23
"su",23
"101",22
"168",22
"888",22
"broadway",22
"mings",22
"pho",22
"rong",22
"yun",22
"川",22
"湘",22
"記",22
"1st",21
"choi",21
"jj",21
"kwong",21
"saigon",21
"yue",21
"坊",21
"家",21
"chans",20
"kang",20
"yong",20
"小吃",20
"guang",19
"guo",19
"heng",19
"kwan",19
"lok",19
"sakura",19
"居",19
"菜",19
"bento",18
"café",18
"fei",18
"hu",18
"kirin",18
"kungfu",18
"wai",18
"串",18
"美食",18
"金",18
"cha",17
"chai",17
"ichiban",17
"quik",17
"shen",17
"tien",17
"wangs",17
"xi’an",17
"烫",17
"9",16
"chau",16
"chee",16
"chiu",16
"koi",16
"nam",16
"ramen",16
"lau",15
"mao",15
"ni",15
"pong",15
"zhu",15
"城",15
"好",15
"旺",15
"粉",15
"鱼",15
"bros",14
"dao",14
"gao",14
"genghis",14
"hon",14
"hunans",14
"lanzhou",14
"lite",14
"outee",14
"shui",14
"xia",14
"zhong",14
"成都",14
"新",14
"福",14
"茶",14
"记",14
"酒家",14
"boba",13
"lim",13
"mian",13
"quan",13
"tso",13
"yangtze",13
"米",13
"老",13
"飯店",13
"餐廳",13
"2000",12
"21",12
"a1",12
"chongqing",12
"fai",12
"fook",12
"gai",12
"hoa",12
"osaka",12
"qin",12
"zhen",12
"zi",12
"一",12
"客串",12
"府",12
"轩",12
"369",11
"atlantic",11
"b.b.q",11
"bai",11
"blvd",11
"cheong",11
"cho",11
"hawaiian",11
"hwa",11
"miao",11
"ren",11
"ru",11
"takee",11
"uyghur",11
"weng",11
"xuan",11
"友情",11
"江南",11
"火锅",11
"面",11
"brooklyn",10
"chang’s",10
"chifa",10
"d'lite",10
"dai",10
"foodie",10
"hardee",10
"hau",10
"hee",10
"iv",10
"jc",10
"jiangnan",10
"ko",10
"kow",10
"mekong",10
"mrs",10
"qi",10
"sino",10
"stirfry",10
"ygf",10
"yumi",10
"上海",10
"海鮮",10
"滋味",10
"烧烤",10
"私房",10
"线",10
"酸菜",10
"餐厅",10
"馆",10
"香港",10
"100",9
"12",9
"28",9
"bian",9
"bu",9
"cai",9
"fuzhou",9
"hei",9
"hoi",9
"jianbing",9
"kan",9
"kum",9
"lee’s",9
"los",9
"lui",9
"ly",9
"mui",9
"pak",9
"seng",9
"shiang",9
"siu",9
"taishan",9
"tak",9
"yami",9
"yummi",9
"zhao",9
"哥",9
"園",9
"小館",9
"烤",9
"煲",9
"王",9
"蜀",9
"豐",9
"鸡",9
"鼎",9
"10",8
"chen’s",8
"chiang",8
"chicago",8
"chongs",8
"chuong",8
"ga",8
"ge",8
"goodie",8
"guilin",8
"hollywood",8
"jie",8
"ke",8
"kwik",8
"ky",8
"leung",8
"loong",8
"mifen",8
"nai",8
"nihao",8
"sai",8
"skillman",8
"teppanyaki",8
"wasabi",8
"westlake",8
"wun",8
"zeng",8
"合",8
"味道",8
"园",8
"天府",8
"春",8
"聚",8
"麵",8
"18",7
"6",7
"66",7
"86",7
"chengs",7
"chongwah",7
"confucius",7
"delite",7
"dou",7
"edison",7
"foon",7
"glatt",7
"grandview",7
"hainan",7
"hakka",7
"heung",7
"jiao",7
"kar",7
"kc",7
"king’s",7
"kok",7
"kwai",7
"kwok",7
"laoma",7
"luen",7
"meng",7
"nanking",7
"neo",7
"pf",7
"sf",7
"shangrila",7
"tou",7
"tsingtao",7
"vegas",7
"wokery",7
"xo",7
"yau",7
"yums",7
"zou",7
"人家",7
"仔",7
"南北",7
"吃",7
"四",7
"外",7
"潮",7
"皇",7
"華",7
"館",7
"17",6
"19",6
"23",6
"65",6
"68",6
"98",6
"astoria",6
"bok",6
"chaun",6
"claypot",6
"furama",6
"gb",6
"hongkong",6
"hsin",6
"hunam",6
"ing",6
"jani",6
"karaoke",6
"kun",6
"lili",6
"lin’s",6
"liuyishou",6
"lun",6
"macau",6
"miami",6
"newport",6
"pu",6
"que",6
"ruyi",6
"sha",6
"shandong",6
"sui",6
"tampa",6
"teng",6
"uno",6
"yat",6
"yo",6
"yoan",6
"zai",6
"之",6
"京",6
"分",6
"卖",6
"巴",6
"村",6
"桥",6
"梁",6
"汤",6
"海",6
"火鍋",6
"点",6
"煎",6
"煮",6
"熊猫",6
"米粉",6
"羊",6
"蟹",6
"軒",6
"辣",6
"过",6
"都",6
"门",6
"風味",6
"魚",6
"1.35",5
"11",5
"2nd",5
"89",5
"aaa",5
"aberdeen",5
"aj",5
"asiana",5
"asuka",5
"baobao",5
"boca",5
"ca",5
"changsha",5
"china1",5
"chinee",5
"chinex",5
"chinoise",5
"choo",5
"chou",5
"chuen",5
"cocina",5
"corp",5
"cu",5
"cun",5
"dar",5
"deng",5
"dr",5
"flatbread",5
"gu",5
"happi",5
"haus",5
"holic",5
"hou",5
"hwang",5
"hyang",5
"hyvee",5
"il",5
"indo",5
"ingcredible",5
"janbo",5
"jang",5
"jiu",5
"jr",5
"jung",5
"kanton",5
"koon",5
"kuo",5
"kwang",5
"ming’s",5
"mt",5
"nana’s",5
"nanjing",5
"no1",5
"nong",5
"nyc",5
"oakland",5
"oishi",5
"praya",5
"qian",5
"ro",5
"royale",5
"santa",5
"shaanxi",5
"shau",5
"siam",5
"soho",5
"soo",5
"steakhouse",5
"tay",5
"thanh",5
"tk",5
"tran",5
"tsang",5
"tsin",5
"ume",5
"viet",5
"vinh",5
"waikiki",5
"wanfu",5
"yang’s",5
"yeun",5
"yings",5
"zhangliang",5
"一品",5
"一家",5
"北方",5
"厨房",5
"台山",5
"台灣",5
"名",5
"和",5
"四海",5
"壹",5
"天",5
"奈",5
"姐",5
"媽媽",5
"小炒",5
"川菜",5
"明",5
"李",5
"海鲜",5
"源",5
"燒",5
"福州",5
"肠",5
"腸",5
"興",5
"西安",5
"遇见",5
"锅",5
"阿",5
"餐",5
"龙",5
"135",4
"35",4
"59",4
"777",4
"95",4
"anh",4
"awok",4
"biang",4
"bon",4
"bronx",4
"brunswick",4
"bushi",4
"chaus",4
"chiam",4
"chien",4
"chih",4
"chilispot",4
"chuancai",4
"chungs",4
"dagu",4
"dongpo",4
"dragonfly",4
"dum",4
"emperor’s",4
"expess",4
"fairview",4
"fireart",4
"fongs",4
"foody",4
"fuda",4
"fugi",4
"gak",4
"greatwall",4
"gua",4
"guangdong",4
"guangzhou",4
"hakkasan",4
"hings",4
"hoho",4
"hokkaido",4
"honolulu",4
"hoo",4
"hsu",4
"huan",4
"inchin",4
"j.c",4
"ja",4
"jue",4
"kams",4
"keng",4
"kiki",4
"kj",4
"koko",4
"ktv",4
"ku",4
"mah",4
"maki",4
"mamahuhu",4
"manchester",4
"manchuwok",4
"mapo",4
"mei’s",4
"mencius",4
"minh",4
"miyako",4
"mj",4
"moun",4
"nagoya",4
"nc",4
"newtown",4
"ning",4
"nueva",4
"pai",4
"phu",4
"ping’s",4
"qiu",4
"rd",4
"rico",4
"roo",4
"rui",4
"seoul",4
"shao",4
"shaxian",4
"shihlin",4
"shou",4
"tangbao",4
"tang’s",4
"teh",4
"tri",4
"tsai",4
"tsao",4
"v.i.p",4
"vegi",4
"wei’s",4
"wu’s",4
"yaso",4
"yintang",4
"yipin",4
"yuet",4
"yummie",4
"三",4
"下",4
"之家",4
"二",4
"云南",4
"你",4
"包子",4
"华",4
"印象",4
"厨",4
"同",4
"喜",4
"喵",4
"堂",4
"天下",4
"御",4
"敦煌",4
"新疆",4
"東",4
"東北",4
"楼",4
"樓",4
"永",4
"江",4
"涮",4
"湖南",4
"煌",4
"燙",4
"盘",4
"粥",4
"粵",4
"纽约",4
"老街",4
"臘",4
"菜館",4
"酒樓",4
"里",4
"順",4
"饼",4
"魯",4
"麵食",4
"點心",4
"22",3
"39",3
"3rd",3
"46",3
"5th",3
"69",3
"81",3
"818",3
"97",3
"a8",3
"ak",3
"aki",3
"arlington",3
"asians",3
"azn",3
"b2j",3
"baji",3
"bakmi",3
"baohaus",3
"baos",3
"barbeque",3
"bashu",3
"beijin",3
"bloomington",3
"buerjia",3
"changan",3
"chaoshou",3
"chinafood",3
"chinah",3
"chinamen",3
"chinastar",3
"chineses",3
"chiness",3
"chor",3
"chowking",3
"cj",3
"columbia",3
"confucio",3
"ct",3
"cui",3
"dalian",3
"dandan",3
"dd",3
"delish",3
"dh",3
"ding’s",3
"dj",3
"dolan’s",3
"dx",3
"eddys",3
"erie",3
"everspring",3
"fishball",3
"fl",3
"fo",3
"folsom",3
"foong",3
"gi",3
"gia",3
"giang",3
"greenwood",3
"guizhou",3
"haidilao",3
"haverhill",3
"heun",3
"hq",3
"hsiang",3
"huo",3
"huong",3
"int'l",3
"jai",3
"jims",3
"jin’s",3
"jong",3
"jp",3
"js",3
"j’s",3
"kaneohe",3
"kao",3
"keung",3
"kew",3
"kimbo",3
"kingsburg",3
"kingwuu",3
"kissena",3
"kobe",3
"kou",3
"kq",3
"kut",3
"kwei",3
"l.a",3
"lala",3
"lemay",3
"levittown",3
"llc",3
"loc",3
"luang",3
"luckys",3
"mak",3
"makaha",3
"makan",3
"malibu",3
"mandalay",3
"mandarian",3
"mandrin",3
"ma’s",3
"meizhou",3
"merryland",3
"mex",3
"ms",3
"málà",3
"mógū",3
"nang",3
"nelayan",3
"ng",3
"ninja",3
"nj",3
"nuan",3
"o'mei",3
"orientaste",3
"pandabear",3
"panpan",3
"pau",3
"peapod",3
"peruvian",3
"poblana",3
"pocono",3
"pon",3
"popo",3
"portland",3
"potsticker",3
"potstickers",3
"qingdao",3
"rahongbu",3
"rama",3
"rangoon",3
"restaura",3
"restaurante",3
"restroom",3
"rj",3
"roma",3
"sams",3
"sasa",3
"shancheng",3
"shee",3
"shermans",3
"shian",3
"shifu",3
"shiquan",3
"shuang",3
"sichuanese",3
"sogo",3
"soochow",3
"tahoe",3
"takeaway",3
"takie",3
"tc",3
"te",3
"tianjin",3
"tientsin",3
"tj",3
"topps",3
"tw",3
"tx",3
"tze",3
"umi",3
"veggie",3
"wahmei",3
"waialua",3
"wang’s",3
"windchimes",3
"wokking",3
"wuhan",3
"wuji",3
"x.o",3
"xibei",3
"xie",3
"xinjiang",3
"xiu",3
"yangguofu",3
"yans",3
"yh",3
"yit",3
"yoe",3
"yoyo",3
"yozi",3
"yu’s",3
"zao",3
"zha",3
"zong",3
"zui",3
"ร้าน",3
"一條龍",3
"一碗",3
"不二",3
"不见",3
"东",3
"东北",3
"九",3
"五",3
"人",3
"功夫",3
"北京",3
"南",3
"友",3
"可",3
"呷",3
"品",3
"四川",3
"国",3
"在一起",3
"坛",3
"士林",3
"天天",3
"好久",3
"好想",3
"姚",3
"富",3
"小羊",3
"小食",3
"年",3
"廣東",3
"张",3
"德",3
"快乐",3
"悦",3
"意",3
"我家",3
"拉面",3
"拉麵",3
"月",3
"杨",3
"東海",3
"树",3
"桂林",3
"樂",3
"正",3
"江湖",3
"沙",3
"泰",3
"洞庭",3
"津",3
"渝",3
"港",3
"溢",3
"点心",3
"為",3
"燒烤",3
"牛",3
"牛肉",3
"牛肉麵",3
"狗",3
"生",3
"盛",3
"粤",3
"缘",3
"美味",3
"肥羊",3
"膳",3
"自",3
"芙蓉",3
"草堂",3
"虾",3
"西",3
"角",3
"路邊",3
"銀",3
"鍋",3
"閣",3
"阁",3
"霸王",3
"顺",3
"风味",3
"食堂",3
"飯",3
"饭",3
"饭店",3
"鸭",3
"鹿",3
"007",2
"123",2
"128",2
"15",2
"16",2
"169",2
"1938",2
"1968",2
"20",2
"2001",2
"22nd",2
"24",2
"31",2
"328",2
"33",2
"336",2
"34",2
"365",2
"38",2
"40",2
"42",2
"47",2
"512",2
"54",2
"62",2
"6th",2
"78",2
"7th",2
"8090",2
"813",2
"84",2
"85",2
"886",2
"8th",2
"949",2
"98k",2
"9th",2
"acupressure",2
"albuquerque",2
"amei",2
"amerient",2
"amore",2
"anderson",2
"angeles",2
"apo",2
"armani",2
"asahi",2
"ashland",2
"au",2
"awon",2
"ayce",2
"ayee",2
"bak",2
"bali",2
"baobae",2
"baoding",2
"baq",2
"baybridge",2
"beansprout",2
"bellevue",2
"belmont",2
"bings",2
"bj",2
"bk",2
"blackbrick",2
"bobee",2
"boe",2
"boi",2
"bombay",2
"bostan",2
"bo’s",2
"brasserie",2
"bri",2
"bubur",2
"bz",2
"caie",2
"canaan",2
"cang",2
"cantonesia",2
"cao",2
"caribbean",2
"cc",2
"ce",2
"cf",2
"changhai",2
"chan’s",2
"chatham",2
"cheoy",2
"chicka",2
"chienese",2
"chieng",2
"chinahouse",2
"chinamerica",2
"chinaway",2
"chinawok",2
"chinia",2
"chinise",2
"chinjin",2
"chinn",2
"chinobe",2
"chinois",2
"chinshan",2
"chirico",2
"cho77",2
"chomanwon",2
"chopstiks",2
"chowmein",2
"chow’s",2
"chuang",2
"chuanyu",2
"chui",2
"chuns",2
"citi",2
"cjf",2
"ck",2
"closter",2
"cocost",2
"coco’s",2
"confucious",2
"cornaga",2
"csn",2
"daimo",2
"danny’s",2
"dashi",2
"dc",2
"deerfield",2
"dinastia",2
"dinuba",2
"dkone",2
"dobbs",2
"dok",2
"dongbei",2
"dongbosung",2
"doo",2
"dragontown",2
"dreamland",2
"duan",2
"dundee",2
"dunhuang",2
"eap",2
"eastside",2
"eastvale",2
"eastwind",2
"eatting",2
"eb",2
"eckerson",2
"edina",2
"eggrolls",2
"elkview",2
"elmhurst",2
"embuffet",2
"enlai",2
"epcot",2
"essex",2
"exprs",2
"fanta",2
"fastfood",2
"fc",2
"fd",2
"fe",2
"fengwei",2
"fermosa",2
"firebowl",2
"flo’s",2
"foodcourt",2
"foodies",2
"foodking",2
"foodland",2
"foodworks",2
"foooooood",2
"formosan",2
"ft",2
"fugui",2
"fuhu",2
"fujian",2
"fujin",2
"fukuoka",2
"fuljoy",2
"furiwa",2
"fushing",2
"fuxing",2
"galleria",2
"gardem",2
"gator",2
"gau",2
"gege",2
"genji",2
"genting",2
"gg",2
"gim",2
"goldenhouse",2
"gom",2
"goodfriend",2
"gookies",2
"gou",2
"greene",2
"gsrden",2
"gt",2
"gung",2
"h.k",2
"hanlin",2
"harborview",2
"hayashi",2
"henan",2
"himalaya",2
"hkc",2
"hmong",2
"hoang",2
"hok",2
"homestyle",2
"hopsing",2
"howah",2
"howell",2
"hs",2
"hsia",2
"hsing",2
"huakee",2
"huas",2
"hulu",2
"huoy",2
"hupei",2
"hutong",2
"hu’s",2
"hwy",2
"hychi",2
"hé",2
"ihome",2
"ikka",2
"indochina",2
"irestaurant",2
"iwok",2
"j.z",2
"jac",2
"jady",2
"jaja",2
"jakarta",2
"jala",2
"japenese",2
"jaybo",2
"jaz",2
"jb",2
"jensen",2
"jianghu",2
"jinlan",2
"jinwei",2
"jja",2
"jjajang",2
"jjin",2
"jk",2
"jl",2
"jonnie",2
"jook",2
"jum",2
"k.c",2
"kahala",2
"kampo",2
"kau",2
"kawah",2
"kawloon",2
"kei",2
"keilly",2
"kento",2
"khanh",2
"kien",2
"kims",2
"kingchops",2
"komg",2
"kongs",2
"koong",2
"kp",2
"kuang",2
"kw",2
"kwa",2
"kwafood",2
"kwando",2
"kye",2
"kylin",2
"kyung",2
"ký",2
"l.y.l",2
"lafayette",2
"lambo",2
"lameizi",2
"latina",2
"lauk",2
"lc",2
"leen",2
"leng",2
"lenoir",2
"leong",2
"leongs",2
"lexington",2
"licious",2
"lilis",2
"linh",2
"linq",2
"lius",2
"liu’s",2
"li’s",2
"loa",2
"longjiang",2
"long’s",2
"loomis",2
"loung",2
"lover’s",2
"loy",2
"lqqm",2
"luby",2
"lucys",2
"lumos",2
"luwei",2
"lu’s",2
"m.y",2
"maa",2
"mabu",2
"makfam",2
"malaxiangguo",2
"mamaroneck",2
"manapua",2
"manchuria",2
"mandarette",2
"mandarine",2
"marlton",2
"mathis",2
"maylin",2
"mccully",2
"meemah",2
"mega",2
"meiwei",2
"melaka",2
"mikata",2
"milford",2
"milpitas",2
"milu",2
"minghin",2
"mingkee",2
"mirch",2
"mish",2
"miu",2
"mixian",2
"miya",2
"miàn",2
"mk",2
"mn",2
"modoo",2
"momo",2
"monja",2
"montclair",2
"moongate",2
"moonstar",2
"mottzar",2
"mpv",2
"mr.you",2
"mrk",2
"mumu",2
"munchie",2
"muskegon",2
"mya",2
"nanbei",2
"nasi",2
"newark",2
"nex",2
"nguyen",2
"ng’s",2
"niang",2
"nite",2
"noriega",2
"noy",2
"nv",2
"nye",2
"o.k",2
"oceania",2
"oec",2
"og",2
"ohana",2
"olney",2
"omei",2
"omoide",2
"ongpin",2
"ono",2
"oro",2
"osmay",2
"ou",2
"outie",2
"outta",2
"pacifico",2
"pago",2
"palacio",2
"palatka",2
"panasia",2
"papa’s",2
"paso",2
"peiking",2
"pekings",2
"peruano",2
"pey",2
"pfchangs",2
"phong",2
"pjk",2
"plano",2
"plymouth",2
"poinciana",2
"poo",2
"potomac",2
"pou",2
"pumi",2
"qiao",2
"qiwei",2
"qu",2
"quing",2
"ra",2
"rai",2
"rambo",2
"raton",2
"restau",2
"restaur",2
"restauran",2
"ri",2
"ricebowl",2
"ricehouse",2
"rockland",2
"rok",2
"rubys",2
"ruiji",2
"ryce",2
"sa",2
"sabor",2
"safeway",2
"saginaw",2
"salle",2
"sanfo",2
"sanji",2
"sanshi",2
"santong",2
"sapporo",2
"sarasota",2
"sarku",2
"se",2
"seattle",2
"sentosa",2
"seung",2
"shanxi",2
"shiao",2
"shiki",2
"shimiaodao",2
"sho",2
"shon",2
"shong",2
"shoyu",2
"shufeng",2
"shung",2
"sia",2
"siagon",2
"sieu",2
"sifu",2
"sj",2
"slurpee",2
"sm",2
"snyder",2
"sofun",2
"sohao",2
"soong",2
"souper",2
"southside",2
"starwok",2
"ste",2
"stiks",2
"stixs",2
"stle",2
"suancai",2
"suen",2
"sungari",2
"sunking",2
"sunnys",2
"suwanee",2
"sweethome",2
"sy",2
"t'ai",2
"t.s",2
"taam",2
"taba",2
"tacoma",2
"tahiti",2
"taichi",2
"taiker",2
"taishi",2
"takara",2
"tandoori",2
"tappanyaki",2
"tarim",2
"tastee",2
"tely",2
"tepanyaki",2
"tex",2
"tf",2
"tg",2
"thu",2
"tianfu",2
"tigawok",2
"tihu",2
"tlt",2
"tm",2
"tn",2
"toa",2
"tobu",2
"tommys",2
"toofy",2
"topwok",2
"torrington",2
"tov",2
"tres",2
"trieu",2
"trini",2
"tse",2
"tsim",2
"tsui",2
"tt",2
"tu",2
"tuong",2
"turandot",2
"turney",2
"tyger",2
"ukai",2
"umami",2
"unf",2
"viet’s",2
"vii",2
"vu",2
"waba",2
"wahlan",2
"wahs",2
"wala",2
"wao",2
"wengs",2
"weng’s",2
"westheimer",2
"westwood",2
"wingwah",2
"woh",2
"wok'd",2
"wok'n",2
"wokaholic",2
"wokano",2
"wokcano",2
"wokdragon",2
"wokway",2
"woodbury",2
"woodhouse",2
"woon",2
"wus",2
"xiangxiang",2
"xiong",2
"xita",2
"xlb",2
"xong",2
"xue",2
"xun",2
"yaki",2
"yakitori",2
"yanbian",2
"yangming",2
"yantze",2
"yhum",2
"yim",2
"ying’s",2
"yoo",2
"yuki",2
"yumbit",2
"yummys",2
"yunan",2
"zang",2
"ze",2
"zhai",2
"zhangs",2
"zhongzhong",2
"zinyaw",2
"ฮง",2
"ฮั่ว",2
"เซ่ง",2
"一手",2
"一碟",2
"上林",2
"不老",2
"世界",2
"中",2
"中国",2
"丰",2
"丹桂",2
"乡",2
"亭",2
"亮",2
"伍",2
"便宜",2
"傾",2
"儿",2
"先",2
"入",2
"公司",2
"六",2
"兰",2
"兰州",2
"关",2
"冒",2
"刘",2
"到",2
"制",2
"劉",2
"包",2
"北",2
"北川",2
"匯",2
"十秒",2
"十里",2
"原",2
"又一",2
"台",2
"吉",2
"同樂",2
"吧",2
"味香",2
"嗅",2
"四季",2
"圆",2
"地",2
"地方",2
"多",2
"夜市",2
"大師",2
"大王",2
"大碗",2
"大餅",2
"太古",2
"夸",2
"奔",2
"奥",2
"妈妈",2
"媽",2
"子",2
"季",2
"宗",2
"客棧",2
"宴",2
"寶",2
"小厨",2
"小廚",2
"小香",2
"小龍",2
"尚",2
"山城",2
"川山",2
"巴拉",2
"庄",2
"康",2
"廚房",2
"弄堂",2
"得",2
"快樂",2
"快餐",2
"思",2
"怡",2
"总",2
"慶",2
"憨",2
"手工",2
"抄手",2
"拌",2
"排檔",2
"故乡",2
"敦",2
"春秋",2
"来",2
"林",2
"果子",2
"梅",2
"棒",2
"歡",2
"正宗",2
"永利",2
"汗",2
"沪",2
"泽",2
"洋",2
"浙",2
"海南",2
"清真",2
"湯",2
"溪",2
"滷",2
"漁",2
"潤",2
"火",2
"火辣辣",2
"炒",2
"熊",2
"父",2
"爽",2
"牛骨",2
"班",2
"甲",2
"留",2
"的",2
"皇宮",2
"皮",2
"盼",2
"石磨",2
"砂鍋",2
"碗",2
"祥",2
"禾",2
"秀",2
"私",2
"站",2
"第",2
"篁",2
"米飯",2
"糖",2
"绝",2
"美",2
"老媽",2
"肉",2
"胖",2
"胡",2
"腾",2
"花",2
"苏州",2
"荷",2
"莊",2
"蒙",2
"蔬",2
"街",2
"裡",2
"譚",2
"賦",2
"走",2
"趴",2
"輝",2
"边",2
"边边",2
"选",2
"道",2
"那",2
"鄉",2
"酸",2
"重庆",2
"重慶",2
"鑫",2
"钵",2
"铺",2
"锅贴",2
"門",2
"開心",2
"雅",2
"雞",2
"青",2
"音乐",2
"飛",2
"食品",2
"餐室",2
"饺子",2
"馬",2
"马路",2
"驻",2
"鮮",2
"鲜",2
"黄",2
"龍",2
"龍門",2
"진흥각",2
"002",1
"08",1
"1.25",1
"1.50",1
"10053",1
"101f",1
"102",1
"103",1
"10571",1
"108",1
"109",1
"10977",1
"118",1
"12271",1
"1275",1
"12th",1
"130",1
"1314",1
"132",1
"136",1
"137",1
"137th",1
"139",1
"13st",1
"141",1
"1412",1
"146",1
"1468",1
"14720",1
"1480",1
"149th",1
"1519",1
"152",1
"15th",1
"161",1
"1631",1
"163rd",1
"1688",1
"16th",1
"17817",1
"180",1
"180th",1
"183",1
"1860",1
"188",1
"1900",1
"1914",1
"1919",1
"1920",1
"1931",1
"1978",1
"1983",1
"1fresh",1
"1wok",1
"2.0",1
"2010",1
"2011",1
"2012",1
"2013",1
"2017",1
"2018",1
"202",1
"208",1
"209",1
"218",1
"21st",1
"221",1
"22t30",1
"2390",1
"2599",1
"26",1
"260",1
"2600",1
"265",1
"27",1
"27th",1
"282",1
"2d",1
"2go",1
"30",1
"301",1
"302",1
"30th",1
"312",1
"313",1
"318",1
"32",1
"3201",1
"321",1
"3269",1
"333",1
"339",1
"3467",1
"34n",1
"359",1
"360",1
"3640",1
"375",1
"3849",1
"3896",1
"3lp",1
"3nzmakenzn",1
"4.25",1
"4.75",1
"4.98",1
"403",1
"405",1
"407",1
"41",1
"456",1
"46921",1
"495",1
"49er",1
"4s",1
"4square",1
"4th",1
"5.98",1
"50",1
"5024",1
"505",1
"51",1
"510",1
"5127",1
"516",1
"518",1
"52",1
"5203",1
"5214",1
"528",1
"529",1
"53rd",1
"55",1
"5615",1
"567",1
"57",1
"575",1
"58st",1
"58th",1
"599",1
"5s",1
"5spice",1
"5w",1
"606",1
"63",1
"663",1
"665",1
"666",1
"67",1
"698",1
"6980",1
"703",1
"7080",1
"7100",1
"7101",1
"711",1
"71st",1
"72",1
"730",1
"763",1
"77",1
"78028",1
"80",1
"83",1
"839",1
"863",1
"8899",1
"8ave",1
"8xpress",1
"90",1
"901",1
"902",1
"9021",1
"906",1
"90621",1
"91709",1
"934",1
"94",1
"941",1
"95th",1
"96",1
"998",1
"999",1
"a.a",1
"a.a.a",1
"a.y.c.e",1
"a9",1
"aaton",1
"ab",1
"abarrotes",1
"abchineese",1
"abchinese",1
"abilene",1
"ablue",1
"absecon",1
"aceking",1
"acheivement",1
"achoi",1
"acquiescense",1
"acu",1
"adan",1
"adda",1
"addison",1
"afandi",1
"afc",1
"afternight",1
"agachaditos",1
"agogo",1
"aheng",1
"ahgoo’s",1
"ahi",1
"ahn",1
"ahome",1
"aiea",1
"aiqun",1
"aishah",1
"aishiteru",1
"aj36",1
"ajll",1
"akemi",1
"akita",1
"akiwest",1
"alamatt",1
"alan’s",1
"albans",1
"albany",1
"alby",1
"aleutian",1
"alexandria",1
"alexanfrost",1
"alhambra",1
"alibaba",1
"alice’s",1
"aling",1
"alings",1
"ali’s",1
"allstars",1
"allston",1
"als",1
"alyssandra",1
"amadi",1
"aman",1
"amasioning",1
"ambassdor",1
"amelea",1
"amelias",1
"amer",1
"amerasia",1
"amherst",1
"amrose",1
"amys",1
"anan",1
"andy’s",1
"anfar",1
"angkor",1
"anitas",1
"annapolis",1
"annapoorna",1
"anna’s",1
"annies",1
"anoka",1
"ans",1
"ansun",1
"antech",1
"an’s",1
"aplaca",1
"apolo",1
"apopka",1
"apple’s",1
"appliances",1
"apsara",1
"apus",1
"aqls",1
"arby",1
"ardmore",1
"arington",1
"armanis",1
"armitage",1
"aroy",1
"array36",1
"arrirang",1
"aruba",1
"asado",1
"asakuma",1
"asan",1
"asbury",1
"ashbeck",1
"asheo",1
"ashi",1
"ashia",1
"asiacafé",1
"asiago",1
"asiam",1
"asiano",1
"asianoodle",1
"asias",1
"asiatique",1
"asoy",1
"assn",1
"aston",1
"astrida",1
"atang",1
"ate8",1
"atl",1
"atoba",1
"audubon",1
"auli",1
"austintx",1
"auth",1
"avakians",1
"avalon",1
"avery.sing",1
"avoca",1
"awesum",1
"awu",1
"ayden",1
"aynor",1
"ayr",1
"azia",1
"azian",1
"azteca",1
"a’shi",1
"b.d",1
"b.k",1
"b.m",1
"babeh",1
"babi",1
"backline",1
"backroom",1
"backstreet",1
"bahar",1
"bahay",1
"bahru",1
"baidu",1
"baili",1
"baiwei",1
"baja",1
"bako",1
"ballard",1
"ballpark",1
"bambao",1
"bambu",1
"bambuu",1
"bammmm",1
"banda",1
"bandar",1
"bangsome",1
"banh",1
"banjeom",1
"banjum",1
"bao'd",1
"baobing",1
"baodega",1
"baology",1
"bao’d",1
"bar'b'que",1
"baracudas",1
"barbacue",1
"barbaque",1
"barcus",1
"bardonia",1
"bartow",1
"basel",1
"bashi",1
"baso",1
"batavia",1
"baubour",1
"bauhinia",1
"bayao",1
"bayon",1
"bayonne",1
"bayport",1
"bayside",1
"bazi",1
"baño",1
"bb",1
"bbq'd",1
"bbqland",1
"bcbsfl",1
"bday",1
"beaverton",1
"bedford",1
"bedstuy",1
"beffet",1
"behinhana",1
"beifang",1
"beijings",1
"beijjng",1
"beis",1
"beiteng",1
"bek",1
"belachan",1
"belaire",1
"belden",1
"bellaire",1
"bellview",1
"bellwood",1
"benihanna",1
"bentolicious",1
"bentos",1
"bergen",1
"bestway",1
"bestwok",1
"bethalto",1
"bft",1
"bhi",1
"biaomei",1
"bieber",1
"biomoroccancooking",1
"bioscientists",1
"birmingham",1
"biskit",1
"bistik",1
"bitc",1
"bixby",1
"blazin",1
"bleitz",1
"blinging",1
"blngl",1
"blu",1
"bluffton",1
"blxian",1
"bmw",1
"bnk",1
"bnvlnt",1
"bobabar",1
"bobhi",1
"boboho",1
"bogota",1
"boh",1
"boileroom",1
"bokchoi",1
"bol",1
"bolds",1
"bolingbrook",1
"bom",1
"bonham",1
"bonmarche",1
"boondox",1
"borna",1
"boshing",1
"bos’sichuan",1
"boufee",1
"bounthanhs",1
"boya",1
"boychoy",1
"boyz",1
"bozeman",1
"bq",1
"bracey",1
"brak",1
"brantas",1
"breadman",1
"breese",1
"brentwood",1
"brickell",1
"brickery",1
"bridgelin",1
"bridgeton",1
"bridgeview",1
"bridgeway",1
"brigham",1
"brighton",1
"britton",1
"bro",1
"brockbrusta",1
"brockton",1
"bruv",1
"bry",1
"bt",1
"bubbletea",1
"buchaqian",1
"budai",1
"budda",1
"buddah",1
"buena",1
"buffe",1
"buffiet",1
"bugis",1
"bunbao",1
"buninc",1
"bunz",1
"burgogi",1
"burlington",1
"burnsville",1
"burrito",1
"bx",1
"byerlys",1
"bzz",1
"bāshì",1
"c.b",1
"c1",1
"c2c",1
"c9",1
"cac",1
"cachanilla",1
"caff",1
"cafè",1
"cag",1
"cahn",1
"cahokia",1
"cahtay",1
"cajan",1
"calamari",1
"calliessss",1
"calvins",1
"camino",1
"campur",1
"canas",1
"cano",1
"cantine",1
"cantones",1
"cantoon",1
"cantrito",1
"cantón",1
"caos",1
"capputea",1
"caravelle",1
"carifesta",1
"cariout",1
"carmens",1
"carrollton",1
"cartyout",1
"casita",1
"casselberry",1
"cassies",1
"castaic",1
"catskills",1
"caz",1
"cbi",1
"cbre",1
"ccb",1
"cck",1
"cd",1
"cdba",1
"cecilbmoore",1
"cellway",1
"cemerlang",1
"cemitas",1
"cen",1
"cenaduria",1
"centry",1
"ceras",1
"ceredo",1
"cfa",1
"cfc",1
"cfr",1
"cfto",1
"cfu",1
"cg",1
"chaan",1
"chaang",1
"chacha",1
"chachkie",1
"chae",1
"chais",1
"chalin",1
"chamboi",1
"chamling",1
"chanan",1
"chandnichowk",1
"chang'an",1
"changhong",1
"changlong",1
"changsam",1
"chang’an",1
"chanhassen",1
"chanita",1
"chanlowe",1
"chann",1
"chanoodle",1
"chantilly",1
"chanwok",1
"chaoshan",1
"chaozhou",1
"charigo",1
"charki",1
"charle",1
"charlie’s",1
"charng",1
"chastain",1
"chautari",1
"chayedan",1
"checken",1
"chefus",1
"chef’s",1
"cheli",1
"chengdurestaurant",1
"chengpan",1
"chengtu",1
"cheng’s",1
"chenlin",1
"chenny",1
"cheoon",1
"cheoylee",1
"cherokee",1
"chessi",1
"cheun",1
"cheungs",1
"chhan",1
"chianj",1
"chiba",1
"chibese",1
"chica",1
"chicagochinatown.com",1
"chicciety",1
"chickety",1
"chigo",1
"chiho",1
"chika",1
"chiko",1
"chilipa",1
"chillispot",1
"chimex",1
"chimk",1
"china88",1
"chinaboy",1
"chinabuffet",1
"chinaex",1
"chinafun",1
"chinagarden",1
"chinagate",1
"chinahut",1
"chinaking",1
"chinakitchen",1
"chinaland",1
"chinalite",1
"chinaman",1
"chinamans",1
"chinapan",1
"chinared",1
"chinasun",1
"chinatopia",1
"chinaville",1
"chinchin",1
"chineas",1
"chineseeeee",1
"chineseguy",1
"chinesr",1
"chinewok",1
"chinexican",1
"chinez",1
"chingaari",1
"chinger",1
"chinglow",1
"chings",1
"chinh",1
"chinh’s",1
"chinisee",1
"chinita",1
"chinito",1
"chinja",1
"chinkz",1
"chinna",1
"chinnese",1
"chinnie",1
"chinnnnnn",1
"chinoiserie",1
"chinoy",1
"chintown",1
"chinês",1
"chin’s",1
"chio",1
"chiou",1
"chippewa",1
"chipstix",1
"chirrico",1
"chisa",1
"chivina",1
"chiyos",1
"chi’s",1
"chml",1
"chnse",1
"choao",1
"chois",1
"choi’s",1
"chompix",1
"choon",1
"choong",1
"choongwha",1
"choons",1
"chopchop",1
"chophouse",1
"chopop",1
"chopsey",1
"chopshtix",1
"chopstickers",1
"chopstickhouse",1
"chopstickz",1
"chopstics",1
"chopstik",1
"chopstixpress",1
"chopstixx",1
"chopsuey",1
"chowbus",1
"chowdown",1
"chowfun",1
"choys",1
"chr",1
"chrc",1
"christmastime",1
"chrystie",1
"chuanchuan",1
"chuanchuanxiang",1
"chuanway",1
"chuanzhuren",1
"chue",1
"chueng",1
"chulicious",1
"chunghwa",1
"chungking",1
"chunping",1
"churros",1
"chus",1
"chuy",1
"chwan",1
"chy",1
"chyn",1
"chyna",1
"chyvee",1
"château",1
"chéng",1
"chī",1
"ch’i",1
"cianjur",1
"cielo",1
"cincin",1
"cinnarbar",1
"cinya",1
"citibank",1
"citris",1
"ciu",1
"civitan",1
"cl",1
"clackamas",1
"classica",1
"classique",1
"clb",1
"cliffside",1
"clubhouse",1
"cluck2go",1
"cmaa",1
"cmf",1
"cn",1
"cocoin",1
"cofco",1
"colala",1
"colbeh",1
"coldwater",1
"collington",1
"columbiana",1
"columbus",1
"comdel",1
"comida",1
"condo",1
"confucui",1
"congeez",1
"congrats",1
"conover",1
"consession",1
"contempo",1
"conways",1
"conyers",1
"coopos",1
"coors",1
"coosper",1
"copa",1
"corinth",1
"coriya",1
"cornhole",1
"costeno",1
"coventry",1
"covina",1
"cr",1
"cranetown",1
"crawplay",1
"creamofsumyougchick",1
"creasian",1
"creekside",1
"cresteds",1
"crestwood",1
"creswell",1
"crofton",1
"croissant",1
"cronstead",1
"cryster",1
"cto",1
"cubanos",1
"cuisinee",1
"cuisineý",1
"culata",1
"cumming",1
"cush",1
"cusines",1
"custer",1
"cuu",1
"cuzins",1
"cyts",1
"d'ai",1
"d'tandoor",1
"d.d",1
"d.h",1
"d.j",1
"d4",1
"dadam",1
"dadong",1
"dae",1
"daguan",1
"dahwon",1
"daikim",1
"daji",1
"daky",1
"dal",1
"dalue",1
"daly",1
"damei",1
"daniels",1
"danlu",1
"dannys",1
"danvers",1
"danwei",1
"daos",1
"dapur",1
"das",1
"dasheng",1
"dat",1
"datang",1
"dats",1
"daves",1
"dawa",1
"dawsonville",1
"daxi",1
"daxxon",1
"daz",1
"dba",1
"decatur",1
"deckside",1
"deerville",1
"defcon",1
"deight",1
"delicis",1
"delightful",1
"delma",1
"delran",1
"delux",1
"dem",1
"dengs",1
"desii",1
"desset",1
"devine",1
"dezavala",1
"dezhuang",1
"dfgyu",1
"dgn",1
"dhaba",1
"dhanshiri",1
"dhs",1
"dickinson",1
"dierberg",1
"dillons",1
"diluigi",1
"dimdoduc",1
"dimond",1
"dinding",1
"dinersland",1
"dinersty",1
"diner’s",1
"dingguagua",1
"dinghao",1
"dingho",1
"dinho",1
"dio",1
"dippot",1
"disney",1
"disowoqow",1
"dixon",1
"djdb",1
"dki",1
"dl",1
"dm",1
"dnasty",1
"dolla",1
"dolton",1
"donaldfood",1
"dongchun",1
"dongdai",1
"dongroo",1
"dongting",1
"donhao",1
"dont",1
"doordash",1
"doozo",1
"dorothys",1
"dougnuts",1
"dowon",1
"dragoncafe",1
"dragonhouse",1
"dragonlicious",1
"dragonwood",1
"dreher",1
"drinkstir",1
"drt",1
"dsk",1
"dte",1
"dtz",1
"dubarry",1
"dubb",1
"dubbs",1
"duckine",1
"duk",1
"duluth",1
"dumbling",1
"dume",1
"dumplingnology",1
"dums",1
"dunasty",1
"dunpling",1
"duongs",1
"duoyi",1
"dupont",1
"durty",1
"dustins",1
"dw",1
"dy",1
"dynastry",1
"dynisty",1
"dytika",1
"dánchū",1
"dū",1
"ea",1
"eak",1
"eaping",1
"eartheart",1
"eastdale",1
"easterns",1
"eastlake",1
"eastpoint",1
"eastwinds",1
"eatao",1
"eatin",1
"ec",1
"ecafe",1
"eckos",1
"edahana",1
"eddy’s",1
"edgewood",1
"edinburg",1
"ee",1
"egb",1
"ehotpot",1
"eiffel",1
"eiko",1
"ekiben",1
"elaines",1
"eldo",1
"eldridge",1
"elgin",1
"ellie’s",1
"elma",1
"elmwood",1
"emei",1
"emmel",1
"emmo",1
"empe",1
"emperior",1
"emporers",1
"emt",1
"endwell",1
"engimono",1
"england",1
"ensley",1
"enson",1
"entertaiment",1
"entertainme",1
"entre",1
"enzo",1
"eo",1
"eor",1
"epping",1
"eps",1
"erial",1
"erqal",1
"erwa",1
"esatern",1
"esparza",1
"espress",1
"esszimmer",1
"euless",1
"eunos",1
"eurasia",1
"eutaw",1
"everest",1
"everluck",1
"everygreen",1
"ew",1
"ewa",1
"expeess",1
"express7",1
"expresss",1
"exprrss",1
"exprsss",1
"exspress",1
"eyez",1
"f.h.l",1
"faan",1
"fah",1
"fairbairn",1
"fairmount",1
"fairwood",1
"famili",1
"fanchelin",1
"fang’s",1
"fantastix",1
"farangi",1
"fareast",1
"fastwok",1
"fatman",1
"fatni",1
"fatt",1
"favatas",1
"faxline",1
"faylun",1
"fcd",1
"fei’s",1
"feli",1
"feliz",1
"felton",1
"fenghuo",1
"fenglin",1
"fengs",1
"fengshui",1
"fengying",1
"fensanity",1
"fest",1
"festivies",1
"festivites",1
"fh",1
"fi",1
"fia",1
"fidi",1
"fim",1
"fingercuffs",1
"fiod",1
"firudo",1
"fishhawk",1
"fitchburg",1
"fj",1
"flavortown",1
"florissant",1
"floural",1
"fml",1
"foilage",1
"fok",1
"followsoshi",1
"fonda",1
"fongyip",1
"fontainebleau",1
"fontana",1
"foochow",1
"food.com",1
"food4less",1
"foodstore",1
"foodtopia",1
"foodz",1
"fooki",1
"foomanchew",1
"foon’s",1
"fooooood",1
"footo",1
"foresthill",1
"formisa",1
"formoosa",1
"formusa",1
"forno",1
"fortuner",1
"foshan",1
"fot",1
"founatin",1
"fourstar",1
"fourtune",1
"fourtunes",1
"fourty",1
"foxboro",1
"fragrance",1
"fraimont",1
"frank’s",1
"frannies",1
"freddies",1
"freestyle",1
"fresno",1
"frice",1
"fricke",1
"friendsgiving",1
"frisco",1
"frogtastic",1
"fromosas",1
"fu'od",1
"fudao",1
"fuding",1
"fuduoduo",1
"fue",1
"fufu",1
"fugo",1
"fuhing",1
"fuiji",1
"fujichen",1
"fuk",1
"fuki",1
"fukok",1
"fuk’s",1
"ful",1
"fulai",1
"fuleen",1
"fulin",1
"fulle",1
"fullhouse",1
"fuloon",1
"funan",1
"funn",1
"fuon",1
"fuqua",1
"furi",1
"fusa",1
"fuseng",1
"fushen",1
"fusia",1
"fusian",1
"fusting",1
"futune",1
"fuwah",1
"fuxin",1
"fuyi",1
"fuzhounese",1
"fw",1
"fy",1
"g.g",1
"gah",1
"gainesville",1
"gaithersburg",1
"galaxie",1
"galeria",1
"galt",1
"ganbei",1
"gandy",1
"gangnam",1
"gao‘s",1
"gao’s",1
"gardeb",1
"gardenscapes",1
"gardn",1
"garhin",1
"garsing",1
"garyputo",1
"gaslite",1
"gastronomia",1
"geely",1
"geins",1
"gelsi",1
"geng",1
"george’s",1
"germantown",1
"getn",1
"get’em",1
"geumbul",1
"gew",1
"ggggjjjjj",1
"ghenghis",1
"ghengis",1
"ghent",1
"ghinggis",1
"gimeal",1
"gimme",1
"ginbu",1
"ging",1
"ginmaya",1
"ginsoy",1
"ginza",1
"girard",1
"girardeau",1
"glendale",1
"glorys",1
"gloucester",1
"glup",1
"gmc",1
"gmg",1
"gnsng",1
"gobi",1
"goey",1
"gohyang",1
"goid",1
"goin",1
"goji",1
"gokane",1
"goku",1
"goldendragon",1
"goldenkrust",1
"goldens",1
"goldenstar",1
"goldentown",1
"goldenwok",1
"goldilon",1
"goldstar",1
"goldtown",1
"golen",1
"goleta",1
"gongfu",1
"gonsea",1
"gooda",1
"goode",1
"goodland",1
"goodview",1
"goone",1
"goreng",1
"goshen",1
"goubuli",1
"gouge'utopia",1
"goung",1
"gourmande",1
"gourtmet",1
"granby",1
"grandlake",1
"grandma’s",1
"grarden",1
"gravier",1
"greatchina",1
"greenbriar",1
"greenbrier",1
"greenhaw",1
"greenlake",1
"greenpoint",1
"greenspring",1
"greenville",1
"grifton",1
"gril",1
"grll",1
"grubwithus",1
"grubwithus.com",1
"gssgnsia",1
"guam",1
"guan’s",1
"guchun",1
"guey",1
"guguyan",1
"guihardo",1
"guk",1
"gulu",1
"gunston",1
"gunterman",1
"guocui",1
"guoqiao",1
"gurnee",1
"guyanese",1
"guyi",1
"gv",1
"gwall",1
"gwon",1
"gye",1
"gyl",1
"gyoza",1
"g’s",1
"h.o.t",1
"h303",1
"h858",1
"habacis",1
"haboobs",1
"hackettstown",1
"hahns",1
"hainam",1
"hainanese",1
"haku",1
"halaal",1
"hallal",1
"hallsferry",1
"hanachi",1
"hancock",1
"handpulled",1
"handstretched",1
"hangchow",1
"hangen",1
"hanji",1
"hanjin",1
"hankow",1
"hanobe",1
"hanover",1
"hansa",1
"hantang",1
"han’s",1
"haochi",1
"haonow",1
"haos",1
"happylife",1
"happywok",1
"happyworld",1
"har",1
"harahan",1
"hardwok",1
"harlam",1
"harlem",1
"harolds",1
"harrahs",1
"harte",1
"hartford",1
"hartland",1
"hartsdale",1
"hartville",1
"haruna",1
"haruta",1
"hashery",1
"hashwan",1
"hasu",1
"hasung",1
"haung",1
"haupo",1
"hauppauge",1
"havest",1
"havis",1
"havre",1
"hawai",1
"hawaiin",1
"hawiian",1
"haylumoon",1
"hb",1
"heang",1
"heartland",1
"heartsda",1
"heavan",1
"heb",1
"hebei",1
"hecheng",1
"helllll",1
"hemet",1
"hengry",1
"hengs",1
"henry’s",1
"hensu",1
"heong",1
"heping",1
"hermes",1
"hernandez",1
"herndon",1
"herr",1
"hersheys",1
"herói",1
"heyming",1
"hft",1
"hg",1
"hhm",1
"hi.g",1
"hibashi",1
"higginsville",1
"highspeed",1
"highwood",1
"hillsboro",1
"himalayan",1
"himalayas",1
"hingsan",1
"hinn",1
"hitachi",1
"hks",1
"hly",1
"hodala",1
"hodiku",1
"hoffman",1
"hohojia",1
"hohos",1
"hohot",1
"hohov",1
"hokasan",1
"holmes",1
"holyda",1
"homeskillet",1
"homg",1
"homwin",1
"hongda",1
"hongkee",1
"hongkuaizi",1
"hongmin",1
"hongry",1
"honshu",1
"honyeh",1
"hoon",1
"hoong",1
"hopwoo",1
"hor",1
"horsham",1
"hos",1
"hosabi",1
"hosaigai",1
"hotduck",1
"hotpotcalypse",1
"hotpotlot",1
"hott",1
"hotwok",1
"hotwokdelivery",1
"hotwork",1
"houae",1
"houma",1
"houng",1
"hous",1
"househun",1
"houston",1
"houtskool",1
"hoya",1
"hoyi",1
"hoyon",1
"hoy’s",1
"hrill",1
"hse",1
"hsian",1
"hsieh",1
"hsiu",1
"hsup",1
"htl",1
"huadu",1
"huaen",1
"huafeng",1
"huaguan",1
"huah",1
"huangcheng",1
"huangs",1
"huapei",1
"huashi",1
"huawei",1
"huaxi",1
"huayuan",1
"hubachi",1
"hueytown",1
"huhot",1
"huhut",1
"huie",1
"hui’s",1
"hulah",1
"hulbert",1
"huna",1
"hunachina",1
"hunams",1
"hunanwok",1
"hunman",1
"huolala",1
"huoyh",1
"hupo",1
"hur",1
"hurst",1
"hutaoli",1
"huyinan",1
"huynh",1
"hwong",1
"hwongkok",1
"hyde",1
"hydration",1
"hylan",1
"hyting",1
"hyun",1
"iasian",1
"ibakery",1
"ibmk",1
"icetea",1
"ichef",1
"icooking",1
"iden",1
"iechiben",1
"ifood",1
"igc",1
"ihop",1
"ikan",1
"ikitchen",1
"im",1
"imiri",1
"imix",1
"inchin’s",1
"incleine",1
"incredibles",1
"incredibowl",1
"indianapolis",1
"indochine",1
"indushree",1
"indy",1
"ing’s",1
"inman",1
"inshou",1
"intrprtng",1
"inwood",1
"ione",1
"iong",1
"ipot",1
"irf",1
"isd",1
"iseda",1
"ishanghai",1
"islandia",1
"ist",1
"itc",1
"itchiban",1
"itchibon",1
"ivys",1
"ix",1
"ixlb",1
"ixld",1
"izakaya",1
"izumi",1
"izzzzmorelda",1
"j.j",1
"j.k",1
"jaba",1
"jacksonville",1
"jack’s",1
"jade’s",1
"jagerbombs",1
"jaing",1
"jaings",1
"jalapeno",1
"jalex",1
"jamaican",1
"jame’s",1
"jamillah",1
"janky",1
"janney",1
"jao",1
"jaragua",1
"jardines",1
"jasper’s",1
"jaun",1
"jayd",1
"jazzi",1
"jbs",1
"jcf",1
"jd",1
"jeal",1
"jeanny",1
"jeffs",1
"jejudo",1
"jendex",1
"jeng",1
"jengs",1
"jenks",1
"jennys",1
"jenny’s",1
"jer",1
"jericho",1
"jerrys",1
"jh",1
"jhon",1
"jhonson",1
"jhu",1
"jiahua",1
"jiana",1
"jiang’s",1
"jiany",1
"jian’s",1
"jiawei",1
"jibarito",1
"jili",1
"jimaviche",1
"jimmi",1
"jimmy’s",1
"jindu",1
"jinfeng",1
"jingchu",1
"jingdu",1
"jingongji",1
"jings",1
"jingwah",1
"jinjins",1
"jinli",1
"jinweide",1
"jinyuan",1
"jinzhou",1
"jiou",1
"jiozi",1
"jitsu",1
"jiuding",1
"jiutouniao",1
"jjang",1
"jm",1
"jn",1
"joans",1
"jobee",1
"jockeyz",1
"joen",1
"joesph",1
"joe’s",1
"johnstown",1
"jojo’s",1
"jollibee",1
"jones",1
"jonesboro",1
"jongs",1
"jonny’s",1
"joon",1
"joplin",1
"josephson",1
"joshs",1
"joyeast",1
"joyee",1
"joyee’s",1
"joyfish",1
"joyluck",1
"joywok",1
"jsk",1
"jsky",1
"jsy",1
"jt5",1
"jugoo",1
"jui",1
"junmae",1
"junyue",1
"junzi",1
"juqi",1
"jx",1
"jz",1
"kadzu",1
"kafe",1
"kafé",1
"kah",1
"kaikai",1
"kailua",1
"kaimuki",1
"kaiping",1
"kai’s",1
"kamei",1
"kaming",1
"kamkee",1
"kamlong",1
"kamloon",1
"kamm",1
"kamwah",1
"kangxi",1
"kanpai",1
"kaojiu",1
"kapao",1
"kapiolani",1
"kapolei",1
"karoi",1
"katana",1
"kathay",1
"kato",1
"kaufman",1
"kawa",1
"kawa’s",1
"kaya",1
"kbc",1
"kcaffe",1
"kcg",1
"kct",1
"kedai",1
"keeeland",1
"keefer",1
"keewah",1
"keiko",1
"kellogg",1
"kellys",1
"kengs",1
"kenia",1
"kenki",1
"kenosha",1
"kensington",1
"kenwok",1
"kenwood",1
"keoki",1
"kerng",1
"kerrville",1
"kev",1
"khamchanh",1
"khei",1
"khiev",1
"khmer",1
"khoo",1
"kichen",1
"kickinnn",1
"kicten",1
"kienlen",1
"kihei",1
"kikis",1
"kiki’s",1
"kikkõ",1
"kimbrough",1
"kimchi",1
"kimson",1
"kimtar",1
"king1",1
"kingbo",1
"kingburg",1
"kingfu",1
"kingjades",1
"kingsway",1
"kinwah",1
"kinziqui",1
"kirkland",1
"kisoro",1
"kissimmee",1
"kitchan",1
"kitchentime",1
"kitchenx",1
"kitchins",1
"kitcken",1
"kitsune",1
"kitta",1
"kittys",1
"kk",1
"kkochi",1
"kmpepper",1
"knelange",1
"kobes",1
"kodak",1
"kodiak",1
"kodo",1
"kohala",1
"koiyama",1
"koki",1
"kokito",1
"kokola",1
"kokos",1
"kokyo",1
"kolah",1
"koloke",1
"kon",1
"kongbo",1
"kooldkie",1
"koos",1
"koozie",1
"kopi",1
"koreans",1
"korey",1
"kowloons",1
"koxie",1
"koy",1
"kpot",1
"krave",1
"krazy",1
"kress",1
"krewstown",1
"kroop",1
"ks",1
"kt",1
"ktchn",1
"kuai",1
"kuala",1
"kuan",1
"kuanzhai",1
"kublai",1
"kubo",1
"kugels",1
"kuhio",1
"kui",1
"kuki",1
"kuku",1
"kukui",1
"kuma",1
"kumari",1
"kumarn",1
"kumino",1
"kungfoopandarestaurant",1
"kunia",1
"kuong",1
"kurai",1
"kusan",1
"kusina",1
"kuso",1
"kute",1
"kuuraa",1
"kwan’s",1
"kweilin",1
"kweli",1
"kwetiaw",1
"kwo",1
"kwoks",1
"kwok’s",1
"kwon",1
"kwongnan",1
"kwoon",1
"kwun",1
"kyodong",1
"kyong",1
"kyoto",1
"l'rose",1
"lacasadebanka",1
"lagman",1
"lagrange",1
"laguardia",1
"laie",1
"lailai",1
"lajiao",1
"lakefront",1
"lakeland",1
"lakeline",1
"lakeville",1
"lakewood",1
"lal",1
"lamgia",1
"lampasas",1
"lampliter",1
"lanas",1
"landover",1
"landstar",1
"langhornebusiness.com",1
"lansdowne",1
"lanshing",1
"lansing",1
"lan’s",1
"laodifang",1
"laojiu",1
"laoszechuan",1
"laotang",1
"laowang",1
"laoyouju",1
"laplata",1
"lapple",1
"larchmont",1
"latern",1
"latino",1
"lauderdale",1
"laundromat",1
"laung",1
"laur",1
"laut",1
"lawls",1
"lawly",1
"lawndale",1
"layonna",1
"lb",1
"lczaw",1
"leanh",1
"leawa",1
"leejin",1
"leeon",1
"leesburg",1
"legin",1
"lehigh",1
"leicester",1
"leiya",1
"lei’s",1
"lemmon",1
"lemonleaf",1
"lengs",1
"lenox",1
"ler",1
"leshan",1
"lesia",1
"leslies",1
"let’s",1
"lewiston",1
"lews",1
"lexky",1
"lhl",1
"liangii",1
"liangjiang",1
"liangpi",1
"liang’s",1
"liao",1
"lic",1
"lices",1
"liciois",1
"lieng",1
"lijing",1
"liliya",1
"lily’s",1
"limeleaf",1
"lims",1
"linda’s",1
"linge",1
"ling’s",1
"linlee",1
"linsing",1
"linwood",1
"lio",1
"lionhead",1
"liorient",1
"liou",1
"lisas",1
"lisa’s",1
"lites",1
"litty",1
"litz",1
"liukoushui",1
"liverpool",1
"li‘s",1
"lj",1
"lk",1
"lke",1
"lll",1
"ln1380",1
"lnc",1
"locka",1
"lodi",1
"loh",1
"loke",1
"lollibowl",1
"lollicup",1
"lolo",1
"lom",1
"lomie",1
"longbranch",1
"longfei",1
"longkinghouse",1
"longriver",1
"looksee",1
"loonyee",1
"loosie",1
"lorton",1
"loumatou",1
"lourdes",1
"lov",1
"low’s",1
"loyola",1
"lp",1
"lsu",1
"lt",1
"ltd",1
"luan",1
"lubbock",1
"luca",1
"luchows",1
"luckey",1
"luckyfood",1
"ludow",1
"ludungji",1
"luey",1
"luh",1
"luk",1
"lumière",1
"lumpia",1
"lumpur",1
"lunasia",1
"lunchie",1
"lunchtime",1
"luo",1
"luong",1
"luosifen",1
"luoyang",1
"luping",1
"luu",1
"luv",1
"luya",1
"luyixian",1
"lycoming",1
"lyndhurst",1
"lyng",1
"lynnwood",1
"lyons",1
"lys",1
"láo",1
"lục",1
"m.l",1
"maad",1
"macarthur",1
"macky",1
"macky’s",1
"macon",1
"macooter",1
"macwok",1
"madama",1
"madarin",1
"madrin",1
"magik",1
"mahal",1
"mailee",1
"maincheung",1
"maing",1
"mainmoon",1
"mais",1
"makati",1
"makido",1
"makki",1
"makkoli",1
"maks",1
"malahini",1
"malan",1
"malatown",1
"malaysian",1
"malden",1
"malri",1
"mama’s",1
"mamonluk",1
"manaderinpalace",1
"manassas",1
"manchou",1
"manchung",1
"manchurian",1
"mandalee",1
"mandar",1
"mando",1
"mandrini",1
"mandu",1
"maneatingplant",1
"mang",1
"mangolian",1
"mangu",1
"manhong",1
"manko",1
"mann",1
"mannen",1
"mannhann",1
"mannys",1
"manoa",1
"manting",1
"manvel",1
"manzanas",1
"maojiaohuola",1
"marbo",1
"markoes",1
"marshfield",1
"maru",1
"marylsnd",1
"marysville",1
"masala",1
"maskhotpotgalatea",1
"massena",1
"masterbee",1
"masterwok",1
"matawan",1
"matthews",1
"matu",1
"matuya",1
"maui",1
"mauka",1
"maxime",1
"maximim",1
"mayhouse",1
"mayport",1
"maysum",1
"mazu",1
"mb",1
"mcbh",1
"mccormick",1
"mccuskers",1
"mcdonald",1
"mchs",1
"mckangs",1
"mckee",1
"mckinney",1
"mcminnville",1
"mcow",1
"mcv",1
"md",1
"mecham",1
"medan",1
"meddy",1
"medford",1
"medisource",1
"mediterranean",1
"mednet",1
"medpharm",1
"meds",1
"meer",1
"megastar",1
"megumi",1
"meh",1
"mehadrin",1
"meihoo",1
"meimei",1
"meiqing",1
"meis",1
"meishe",1
"meishi",1
"meisiu",1
"meisum",1
"meiwah",1
"meiweizhijia",1
"meiying",1
"melin",1
"melrose",1
"meme",1
"memphis",1
"menase",1
"mencias",1
"mendon",1
"menkee",1
"mens",1
"mer",1
"meridan",1
"messie",1
"metuchen",1
"mg",1
"miah",1
"mianjia",1
"mias",1
"miba",1
"michaels",1
"michi",1
"michoacana",1
"michy’s",1
"midchina",1
"midlothian",1
"midori",1
"mie",1
"mifune",1
"miishien",1
"mijoe",1
"mikasa",1
"mikita",1
"mikoshi",1
"mila",1
"milan",1
"milano",1
"millbrae",1
"millburn",1
"milwaukee",1
"mim’s",1
"mindi",1
"mindys",1
"minfen",1
"mingfa",1
"mingfu",1
"mingies",1
"minglee",1
"mingming",1
"mingmoon",1
"mingold",1
"mingtown",1
"mingwah",1
"minihan",1
"minimart",1
"mins",1
"miny",1
"minyoli",1
"minzhongle",1
"min’s",1
"miramar",1
"mirawa",1
"mirchi",1
"miriwa",1
"miro",1
"misolsol",1
"misto",1
"mitaka",1
"miwa",1
"mixx",1
"miyagis",1
"mizu",1
"mkw",1
"ml",1
"mlbb",1
"mlt",1
"mnchrn",1
"mobimunch",1
"moca",1
"mogu",1
"mohawk",1
"moines",1
"mojo",1
"mojos",1
"mok",1
"mollys",1
"momoda",1
"mong",1
"mongkok",1
"mongkong",1
"mongolem",1
"monh",1
"moni",1
"monkee",1
"monroeville",1
"montain",1
"monterey",1
"montford",1
"montgomeryville",1
"montrose",1
"montvale",1
"moonstone",1
"morehead",1
"morgo",1
"mos",1
"motorhome",1
"mou",1
"mounwok",1
"moys",1
"mp",1
"mr.chao",1
"mr.chen",1
"mr.china",1
"mr.hui",1
"mrkt",1
"mrs.chen",1
"mrs.deans",1
"ms.dimsum",1
"msg",1
"muahchee",1
"mudan",1
"mulians",1
"munchiez",1
"muodu",1
"mussetters",1
"muzi",1
"mvm",1
"mw",1
"myers",1
"mynna",1
"myong",1
"myrnas",1
"myun",1
"mōlí",1
"n.e",1
"nabe",1
"nagasaki",1
"nahao",1
"nainai",1
"naing",1
"nak",1
"nala",1
"namaste",1
"namking",1
"nanakusa",1
"nanning",1
"nansing",1
"nanyang",1
"nanyue",1
"nao",1
"napa",1
"nappletits",1
"nash",1
"nat'l",1
"natto",1
"nb",1
"nbc",1
"nbr",1
"ne",1
"neh",1
"nein",1
"nellis",1
"neodesha",1
"nese",1
"neshaminy",1
"netcom",1
"neuse",1
"newborder",1
"newburgh",1
"newda",1
"newgate",1
"newleaf",1
"newpark",1
"newsalem",1
"newwah",1
"nha",1
"niagara",1
"nian",1
"nianquan",1
"nien",1
"nikkis",1
"nin",1
"ningbo",1
"ningjie",1
"nini",1
"niu",1
"niwa",1
"nla",1
"noah’s",1
"noho",1
"nolita",1
"noodleholics",1
"noodleosophy",1
"noodlepanda",1
"noodletown",1
"noods",1
"noodumpling",1
"nopagow",1
"norbie",1
"norf",1
"norfolk",1
"nori",1
"norling",1
"nort",1
"northbound",1
"northbrook",1
"northfield",1
"northlake",1
"northland",1
"northport",1
"northsea",1
"northside",1
"northtown",1
"northwoods",1
"norwich",1
"noval",1
"nrn",1
"nul",1
"nulite",1
"numba",1
"number1",1
"numberonechineserestaurant",1
"nummy",1
"nuodle",1
"nuro",1
"nuuanu",1
"nw",1
"nyonia",1
"nyonya",1
"nüjoy",1
"n’s",1
"o'brien",1
"o'chef",1
"o'dragon",1
"o'farrel",1
"o'rice",1
"o'rourke",1
"o'tool",1
"o.g",1
"o2",1
"oakhurst",1
"obee",1
"oceanica",1
"oceanside",1
"octable",1
"odenton",1
"odom",1
"ogamdo",1
"ogontz",1
"oi",1
"okc",1
"okimama",1
"okinawa",1
"ol",1
"olde",1
"oldspot",1
"oley",1
"ollies",1
"ombu",1
"oncemore",1
"ong",1
"online",1
"onon",1
"oohu",1
"ooodles",1
"oreantel",1
"oreint",1
"ori",1
"oriental‎",1
"oriento",1
"oshaka",1
"oshiba",1
"osmanthus",1
"ossining",1
"osteria",1
"ot",1
"otown",1
"otw",1
"outa",1
"outi",1
"outit",1
"oversky",1
"oviedo",1
"ox2",1
"oysy",1
"oyummy",1
"oz",1
"o’a",1
"o’shine",1
"p.f.c",1
"p.f.chang",1
"p.f.millie",1
"p.g",1
"p.j",1
"p.p",1
"p2",1
"pablana",1
"pabst",1
"pachanga",1
"pagoaf",1
"pagos",1
"paik’s",1
"pake",1
"pakwos",1
"pakwo’s",1
"palagor",1
"pali",1
"palice",1
"palo",1
"palolo",1
"pamai",1
"pana",1
"panburger",1
"pandaexpess",1
"pandahouse",1
"panko",1
"paos",1
"pao’s",1
"pappa",1
"paraditos",1
"paramus",1
"parin",1
"pasadena",1
"pasco",1
"pasko",1
"pasteries",1
"pataya",1
"pattaya",1
"paulos",1
"pauoa",1
"pavillion",1
"pavllion",1
"payacho",1
"payson",1
"pazzo",1
"pb",1
"pch",1
"peachtree",1
"pearlie",1
"peihua",1
"peijieng",1
"peipei",1
"peiting",1
"peiwei",1
"peiying",1
"pekiag",1
"pekingrestaurant",1
"pekingstockton",1
"pele’s",1
"pell",1
"pellatiro",1
"pendas",1
"pendleton",1
"pengs",1
"penguin’s",1
"penjing",1
"penkin",1
"peonys",1
"peper",1
"peppemill",1
"perkin",1
"perris",1
"perry’s",1
"peterboro",1
"petersburg",1
"peter’s",1
"petes",1
"peì",1
"ph.d",1
"phal",1
"phantasia",1
"phelps",1
"pheng",1
"pherson",1
"phet",1
"pho88",1
"phoneix",1
"php",1
"phuc",1
"phuong",1
"phát",1
"pichu",1
"piggly",1
"pimlico",1
"pineland",1
"pinellas",1
"pineville",1
"pixiu",1
"pkc",1
"pking",1
"pkway",1
"pl",1
"pl.bx",1
"pleasantdale",1
"pls",1
"plu",1
"pnw",1
"poa",1
"poang",1
"poc",1
"poch",1
"poe",1
"pogoda",1
"polanqito",1
"pollo",1
"polynesion",1
"pomona",1
"poolesville",1
"poom",1
"poppy’s",1
"poq",1
"porterville",1
"posner",1
"potmaster",1
"ppong",1
"pravillion",1
"preciosa",1
"prestoorder",1
"princefood",1
"princeton",1
"prmbroke",1
"promo",1
"psr",1
"pte",1
"puerto",1
"puertochino",1
"puju",1
"punjab",1
"pusat",1
"pv",1
"pyng",1
"q2",1
"qci",1
"qhans",1
"qianlixiang",1
"qianlong",1
"qianxun",1
"qik",1
"qingshu",1
"qingxiang",1
"qinjiamo",1
"qinjin",1
"qj",1
"qjd",1
"qt",1
"quang",1
"quanjude",1
"quantico",1
"quic",1
"quicktop",1
"quisine",1
"quitman",1
"qunying",1
"quoc",1
"quochoung",1
"quon",1
"qwik",1
"qwong",1
"r.i",1
"r.j",1
"r.v",1
"rackspace",1
"raddison",1
"radley",1
"rafferty",1
"raida",1
"rainbowtown",1
"rainiant",1
"rajs",1
"ramis",1
"randeezy",1
"raphy",1
"rasa",1
"rastafari",1
"raudy",1
"ravenna",1
"rawlins",1
"raynham",1
"raytheon",1
"raytown",1
"rc",1
"rcf",1
"reasturants",1
"reasurant",1
"redi",1
"redstar",1
"redwok",1
"regall",1
"rego",1
"remy’s",1
"renagade",1
"rendang",1
"renjia",1
"resgaurant",1
"resrtaurant",1
"resta",1
"restarunt",1
"restaurantpart",1
"restaurantrestaurant",1
"resto",1
"restoran",1
"restr",1
"resturants",1
"rf",1
"rg",1
"rh",1
"rhine",1
"rhk",1
"rhys",1
"rian",1
"rican",1
"ricas",1
"rice'n",1
"riceblossom",1
"ricebox",1
"riceburrito",1
"ricefun",1
"riceton",1
"ricewokexpress",1
"richey",1
"richland",1
"richshaw",1
"ricsha",1
"ridgewood",1
"riean",1
"riksha",1
"rincon",1
"ringgold",1
"ringo",1
"rio",1
"rios",1
"riqueza",1
"rittenhouse",1
"rivendell",1
"riverton",1
"rixie",1
"riyen",1
"rjr",1
"rm",1
"roadkill",1
"roang",1
"roasty",1
"rockstar",1
"rockville",1
"roddis",1
"roly",1
"rongwang",1
"rong’s",1
"rono",1
"roseli",1
"roseville",1
"rosi",1
"roslyns",1
"rotisserie",1
"rotterdam",1
"rou",1
"rougamo",1
"royal‎",1
"rrd",1
"rrstauranr",1
"rsc",1
"rst",1
"rstnt",1
"rstrant",1
"ruan",1
"rubeast",1
"rumah",1
"runza",1
"rwstaurant",1
"ryans",1
"s.h",1
"saaho",1
"saati",1
"sabi",1
"sagar",1
"sahara",1
"saikung",1
"saluda",1
"salón",1
"sammiwago",1
"samoeun",1
"sampam",1
"sangkee",1
"sango",1
"sanjaya",1
"sanjil",1
"sanmiwago",1
"sannies",1
"santos",1
"sar",1
"sarjo",1
"satelite",1
"saugus",1
"savy",1
"sawa",1
"sawill",1
"sayuri",1
"sayville",1
"sb",1
"scb",1
"scheshwen",1
"schnauzer",1
"schouse",1
"schwacastle",1
"scotts",1
"sd",1
"sdsu",1
"sdw",1
"seafoam",1
"sech",1
"sechwan",1
"sedappp",1
"sederhana",1
"seeeeeester",1
"seeger",1
"segoku",1
"sekba",1
"seminole",1
"semoran",1
"seoul’s",1
"serba",1
"servin",1
"setolicious",1
"sg",1
"shaan",1
"shaaxni",1
"shaguo",1
"shai",1
"shaing",1
"shandar",1
"shanding",1
"shanghaibun",1
"shanghailander",1
"shanghái",1
"shangi",1
"shangra",1
"shangrilla",1
"shangwei",1
"shanjhai",1
"shann",1
"shan’s",1
"shaobing",1
"shaokao",1
"shaoshan",1
"shapiro",1
"shar",1
"sheety",1
"sheing",1
"shek",1
"shelbys",1
"shenghai",1
"shengjing",1
"shentan",1
"shenwah",1
"shenyang",1
"shenzhen",1
"sheraton",1
"sheshiang",1
"sheu",1
"shg",1
"shichuan",1
"shieh",1
"shilin",1
"shinemorida",1
"shinnstom",1
"shinsengumi",1
"shinya",1
"shinyuu",1
"shiono",1
"shiro",1
"shironeko",1
"shitter",1
"shity",1
"shiyu",1
"shogan",1
"shokudo",1
"showok",1
"shuan",1
"shuanlafen",1
"shudao",1
"shudeck",1
"shue",1
"shuen",1
"shuge",1
"shuiwah",1
"shuma",1
"shunxing",1
"shuwang",1
"shylahs",1
"shàng",1
"shûa",1
"siang",1
"siao",1
"sibings",1
"sidewok",1
"sieng",1
"siew",1
"sihk",1
"silkroad",1
"silom",1
"silverstar",1
"simons",1
"simpsonville",1
"sina",1
"sinaloa",1
"sinbala",1
"sinc",1
"sinfusion",1
"singon",1
"sinowok",1
"siomai",1
"sion",1
"siriwan",1
"sisis",1
"sistas",1
"siumai",1
"siwon",1
"skillmen",1
"skylake",1
"skyroom",1
"skyy",1
"slc",1
"smashin",1
"sment",1
"smileys",1
"smithtown",1
"smorge",1
"smorgi",1
"smorgy",1
"sn",1
"snackies",1
"snew",1
"sng",1
"sno",1
"snowbelles",1
"snowpea",1
"snr",1
"snō",1
"sobas",1
"sobrante",1
"sofrito",1
"sohn",1
"sohomei",1
"sohunan",1
"soi",1
"soku1546",1
"solcircle",1
"som",1
"somboune",1
"somuntha",1
"sonora",1
"soopers",1
"sophea",1
"sorimmara",1
"soto",1
"soun",1
"souperbowl",1
"soupterra",1
"sourcing",1
"southampton",1
"southgate",1
"southland",1
"southpark",1
"southwood",1
"soysauce",1
"sozo",1
"sp",1
"sparx",1
"speedee",1
"spiceology",1
"spiceone",1
"spiceup",1
"spiceville",1
"spicychina",1
"sps",1
"squazes",1
"srh",1
"st.clair",1
"stat",1
"stayin",1
"steambox",1
"steamfresh",1
"steet",1
"stellhorn",1
"stl",1
"str",1
"streetfest",1
"stuarts",1
"studiofeast",1
"stundent",1
"stv",1
"suffork",1
"sug",1
"suga",1
"suily",1
"suk",1
"suly",1
"sumbar",1
"sumi’s",1
"sumlicious",1
"sunachi",1
"sunkist",1
"sunkong",1
"sunnyside",1
"sunnyvale",1
"sunray",1
"sunshins",1
"sunsun",1
"suntail",1
"suntree",1
"sunwah",1
"sun’s",1
"superbuffet",1
"superdish",1
"superway",1
"supremeville",1
"surabaya",1
"suria",1
"sushimatsu",1
"sushiya",1
"sut",1
"suxian",1
"suyen",1
"suyu",1
"suzi’s",1
"su’s",1
"sweatshirt",1
"swinedine",1
"switz",1
"syosset",1
"szeto",1
"szuchuan",1
"sòng",1
"t'asia",1
"t.c",1
"t.jin",1
"t2",1
"t2yan",1
"t4",1
"tabo",1
"taekaway",1
"tahana",1
"tahanna",1
"tahi",1
"taigi",1
"taigu",1
"taihe",1
"taijiang",1
"taike",1
"taikong",1
"tailai",1
"tainan",1
"taing",1
"tais",1
"taisun",1
"taiwanes",1
"taiwanmama",1
"taiwan’s",1
"taiyaki",1
"tai’s",1
"taka",1
"takeerutee",1
"takeshi",1
"taki",1
"tako",1
"takos",1
"takout",1
"taku",1
"talee",1
"tamsui",1
"tandoor",1
"tanghuo",1
"tangra",1
"tansuo",1
"tanugim",1
"tan’s",1
"taoyin",1
"taoyuan",1
"tapanaykis",1
"taraval",1
"tarr",1
"tashes",1
"tasste",1
"tast",1
"tastio",1
"tatoosh",1
"tator",1
"taystee",1
"tcheng",1
"tcs",1
"teakoon",1
"teaneck",1
"tech",1
"techno",1
"teffanyaki",1
"tehoup",1
"tein",1
"tek",1
"tempat",1
"tempenyaki",1
"tenbo",1
"tenc",1
"tendo",1
"tendy",1
"tenglong",1
"teng’s",1
"tenmimi",1
"teo",1
"teochew",1
"teppan",1
"teppenyaki",1
"teriking",1
"teriyummy",1
"texus",1
"tgin",1
"tgkitchen",1
"thahbi",1
"thahiti",1
"thaifoon",1
"thayer",1
"thi",1
"thien",1
"thinh",1
"thriftway",1
"throop",1
"thrpy",1
"thsia",1
"thua",1
"thuan",1
"thuy’s",1
"tianhuiji",1
"tianluo",1
"tianxia",1
"tiao",1
"tiapei",1
"tibet",1
"tiepai",1
"tiexi",1
"tijin",1
"timwahjax",1
"tingz",1
"ting’s",1
"tink",1
"tinley",1
"tio",1
"tiong",1
"tiram",1
"tiwan",1
"tiwanese",1
"tiyaki",1
"tjins",1
"tkk",1
"tko",1
"tnr",1
"toap",1
"todos",1
"toi",1
"tokoyo",1
"toky",1
"tola’s",1
"tolo",1
"tombo",1
"tommorrow",1
"tomotachi",1
"tompatos",1
"tongsoonwon",1
"tong’s",1
"tonys",1
"tooo",1
"topia",1
"topone",1
"topsfield",1
"torz",1
"totowa",1
"totto",1
"touhy",1
"towerpoint",1
"towne",1
"towson",1
"toyko",1
"toyosu",1
"tpi",1
"tr",1
"tra",1
"traderite",1
"tradng",1
"tremont",1
"trinh",1
"tripot",1
"triêu",1
"tropicana",1
"troyers",1
"tru",1
"tsaocaa",1
"tsaocha",1
"tseng",1
"tsoi",1
"tsou",1
"tsu",1
"tsubaki",1
"tsun",1
"tuan",1
"tuina",1
"tukee",1
"tukwila",1
"tullytown",1
"tulsa",1
"tungkee",1
"tungnam",1
"tungyan",1
"tung’s",1
"tuo",1
"turlock",1
"tusabor",1
"tvbwf",1
"uc",1
"ucla",1
"uhlik",1
"ulike",1
"uncle’s",1
"uniboil",1
"unicom",1
"unimart",1
"uniontown",1
"unlv",1
"unmei",1
"unruh",1
"ur",1
"urbanwok",1
"urs",1
"urumqi",1
"usasian",1
"uscec",1
"uss",1
"uuuupppp",1
"uway",1
"v.f.p",1
"va",1
"valentino",1
"vancouver",1
"vanessa’s",1
"vatsana",1
"vega",1
"veggies",1
"ventnor",1
"veri",1
"vernia",1
"vernicelli",1
"verona",1
"ves",1
"vfc",1
"vianna",1
"victorville",1
"viejas",1
"vien",1
"viletta",1
"vinings",1
"vinna",1
"vinson",1
"virrage",1
"vong",1
"vons",1
"voot",1
"vt",1
"vta",1
"vuong",1
"vy",1
"vybes",1
"vys",1
"w.t",1
"wabara",1
"wabi",1
"wahaha",1
"wahen",1
"wahkee",1
"wahmoy",1
"wahnam",1
"wahyuem",1
"waii",1
"waimalu",1
"waitin",1
"waitland",1
"wak",1
"wakefiled",1
"wal",1
"waldoboro",1
"waldorf",1
"waloy",1
"wam",1
"wangxianglou",1
"wara",1
"waroeng",1
"warsugai",1
"warwick",1
"wasa",1
"wasai",1
"washokutei",1
"washun",1
"watami",1
"watchung",1
"waterford",1
"waterlillies",1
"watterson",1
"wawah",1
"wecook",1
"weihai",1
"weirton",1
"wellfleet",1
"wellston",1
"wenatchee",1
"wenchang",1
"wenger",1
"wenkan",1
"wenwen",1
"wen’s",1
"werke",1
"westfall",1
"westfield",1
"westland",1
"westloop",1
"westminster",1
"westport",1
"westside",1
"westway",1
"wey",1
"wh",1
"whan",1
"wharton",1
"wheaton",1
"whell",1
"whiteville",1
"wholey",1
"whoomp",1
"whou",1
"whu",1
"wien",1
"wikki",1
"wil",1
"wilbraham",1
"willards",1
"williams",1
"williamsburg",1
"williehana",1
"willits",1
"wilshire",1
"windber",1
"windell",1
"windsor",1
"wingloon",1
"wingz",1
"winh",1
"winley",1
"winon",1
"wintermelon",1
"wishingtown",1
"wk",1
"wock",1
"woey",1
"wohop",1
"woj",1
"wok'n'roll",1
"wok88",1
"wokamole",1
"wokand",1
"wokchow",1
"wokee",1
"wokitchen",1
"wokkin",1
"wokky",1
"woklife",1
"wokman",1
"wokstar",1
"woktastic",1
"woktown",1
"woll",1
"womc",1
"wonde",1
"wongkok",1
"wong’s",1
"woodford",1
"woodley",1
"woodmere",1
"woodstock",1
"woo’s",1
"wor",1
"woxx",1
"wp24",1
"wr",1
"ws",1
"wtt",1
"wuan",1
"wucai",1
"wudai",1
"wufu",1
"wuish",1
"wung",1
"wurtsboro",1
"wuwei",1
"wuxi",1
"ww",1
"wynwood",1
"wzw",1
"wángcháo",1
"xee",1
"xfgh",1
"xg",1
"xi'ang",1
"xiangbala",1
"xiangguolila",1
"xiangju",1
"xiangs",1
"xiangwei",1
"xiaochengdu",1
"xiaochi",1
"xiaoling",1
"xiaos",1
"xiao’s",1
"xinghai",1
"xinglong",1
"xingwang",1
"xing’s",1
"xinhua",1
"xins",1
"xinying",1
"xiun",1
"xiuzhen",1
"xoe",1
"xp",1
"xsg",1
"xu’s",1
"xw",1
"xy",1
"y2",1
"yaffa",1
"yafood",1
"yakatori",1
"yamei",1
"yamis",1
"yammy",1
"yancan",1
"yanghen",1
"yangji",1
"yangon",1
"yangtuo",1
"yangzte",1
"yanhuang",1
"yankze",1
"yanmi",1
"yan’s",1
"yao’s",1
"yarba",1
"yarmouth",1
"yas",1
"yauatcha",1
"yaudim",1
"yaun",1
"yaus",1
"yautcha",1
"yaya",1
"yayas",1
"yayyyy",1
"yeeli",1
"yees",1
"yee’s",1
"yei",1
"yeme",1
"yencheng",1
"yenchim",1
"yenching",1
"yeng",1
"yeni",1
"yenking",1
"yen’s",1
"yeon",1
"yeoungs",1
"yeppantaki",1
"yeungs",1
"yeung’s",1
"yh’s",1
"yian",1
"yichu",1
"yick",1
"yiding",1
"yifan",1
"yiin",1
"yiing",1
"yimei",1
"yimin",1
"yincheng",1
"yingdong",1
"yingtao",1
"yinkeng",1
"yinzi",1
"yiping",1
"yippidy",1
"yiran",1
"yixin",1
"yiyan",1
"yiyi",1
"yizhang",1
"yj",1
"yoi",1
"yoka",1
"yokohama",1
"yomas",1
"yomie",1
"yonc",1
"yone",1
"yongs",1
"yong’s",1
"yons",1
"yoojis",1
"yoon",1
"yooyee",1
"yopo",1
"yorba",1
"yorker",1
"yotea",1
"youlike",1
"younique",1
"youpeng",1
"youross",1
"yous",1
"youyou",1
"youzilaoyafensitang",1
"yo’s",1
"yp",1
"ypbor",1
"yuang",1
"yuanho",1
"yuba",1
"yuchu",1
"yuens",1
"yugi",1
"yui",1
"yujean",1
"yuji",1
"yujing",1
"yukon",1
"yukun",1
"yuli",1
"yulnn",1
"yulong",1
"yuma",1
"yummy17",1
"yummyy",1
"yumo",1
"yumpling",1
"yumwok",1
"yunge",1
"yunnandao",1
"yunnnan",1
"yuns",1
"yushan",1
"yutan",1
"yutian",1
"yuyan",1
"yuyu",1
"yuzhou",1
"yuzi",1
"yy",1
"yyk",1
"yyu",1
"za",1
"zagat",1
"zapp",1
"zar",1
"zaragoza",1
"zaung",1
"zayas",1
"zaza",1
"zen3",1
"zenbu",1
"zendo",1
"zengs",1
"zeno",1
"zenos",1
"zephyrhills",1
"zhan",1
"zhe",1
"zhengs",1
"zhengzhou",1
"zheng’s",1
"zhenwei",1
"zheung",1
"zhi",1
"zhijian",1
"zho",1
"zhongs",1
"zhongshan",1
"zhou’s",1
"zhuang",1
"zhufambam",1
"zhuo",1
"zhuzi",1
"zhu’s",1
"zian",1
"ziky",1
"zimmerman",1
"zinfandel",1
"zingi",1
"zinjiang",1
"zitz",1
"zls",1
"znz",1
"zoeys",1
"zom",1
"zomo",1
"zongzi",1
"zoong",1
"zoé",1
"zuni",1
"zuzu",1
"zyng",1
"zza",1
"ćórįć",1
"đỉnh",1
"اكسبرس",1
"باندا",1
"صيني",1
"مطعم",1
"ก๋วยเตี๋ยว",1
"ปา",1
"มิน",1
"หมู",1
"อง",1
"อาหาร",1
"ฮ",1
"เซ้ง",1
"เน็ต",1
"เลี่ยง",1
"เลี่ยว",1
"เฮง",1
"แต้จิ๋ว",1
"โทน",1
"ไต้หวัน",1
"ไท้",1
"ㄍㄨㄢ",1
"䒩",1
"一串",1
"一二三",1
"一川",1
"一早",1
"一晚",1
"一杯",1
"一號",1
"一顶",1
"丁",1
"七公",1
"七巷",1
"七星",1
"三人",1
"三十",1
"三好",1
"三年",1
"三陽",1
"上",1
"上海老",1
"上癮",1
"上面",1
"不",1
"不差",1
"不理",1
"专门",1
"世",1
"世纪",1
"中文",1
"中華",1
"丰收",1
"临",1
"丸",1
"丹",1
"乌鲁木齐",1
"乐",1
"乐山",1
"乔",1
"九龍",1
"乡亲",1
"书",1
"买",1
"乾杯",1
"二哥",1
"云",1
"五味",1
"井",1
"亜細亜",1
"亞洲",1
"交流",1
"京津",1
"人人",1
"仁",1
"从前",1
"仗",1
"仙",1
"任",1
"休",1
"伟",1
"传",1
"伯",1
"伽",1
"佐",1
"何处",1
"你在",1
"佬",1
"佰",1
"佳",1
"來",1
"來了",1
"依",1
"便當",1
"傣",1
"元寶",1
"兄",1
"光",1
"全",1
"八",1
"八斗",1
"八珍",1
"八里",1
"公",1
"公社",1
"六合",1
"六福",1
"兴",1
"冠",1
"冠軍",1
"冬",1
"凉",1
"凤凰",1
"分子",1
"力",1
"勝",1
"勤",1
"勺",1
"北美",1
"区",1
"千",1
"协会",1
"卓",1
"南國",1
"南村",1
"卡",1
"卡拉",1
"即",1
"厢",1
"县",1
"參觀",1
"又",1
"友誼",1
"双",1
"发",1
"口",1
"口口",1
"口福",1
"台式",1
"台湾",1
"号",1
"司令",1
"同心",1
"吐",1
"君",1
"吴",1
"呢",1
"周",1
"呱呱叫",1
"味覚",1
"品川",1
"哇哇叫",1
"員外",1
"唐",1
"喜歡",1
"喺",1
"嗚",1
"嗦",1
"嘉",1
"嘴",1
"囍",1
"四四",1
"回",1
"围",1
"國",1
"圓",1
"圓環",1
"團",1
"土",1
"在",1
"地道",1
"坎",1
"城外",1
"域",1
"場所",1
"塔",1
"塔里木",1
"塘",1
"处",1
"处女",1
"夏威夷",1
"外婆",1
"外婆家",1
"多多",1
"夜宴",1
"夜来",1
"够",1
"够吃",1
"大侠",1
"大厦",1
"大喜",1
"大嫂",1
"大家",1
"大江",1
"大牌",1
"大華",1
"大衆",1
"大连",1
"大鼓",1
"天大",1
"天府之國",1
"天心",1
"天成",1
"天津",1
"天空",1
"太",1
"夫人",1
"头",1
"夹",1
"奇",1
"好友",1
"好運",1
"妈",1
"妹",1
"姆",1
"姐妹",1
"娃子",1
"婆",1
"孫",1
"宅",1
"安",1
"安安",1
"官",1
"宝川",1
"宝藏",1
"客来",1
"宮",1
"家家",1
"家老",1
"家鄉",1
"富华",1
"富豪",1
"寒舍",1
"寬",1
"寻味",1
"小串",1
"小二又",1
"小吃店",1
"小哥",1
"小尾",1
"小滿",1
"小牛",1
"小站",1
"小笼包",1
"小籠",1
"小籠包",1
"小美",1
"小酌",1
"小鍋",1
"小魚",1
"就",1
"局",1
"屋",1
"屯",1
"山",1
"山东",1
"山川",1
"山庄",1
"山東",1
"山水",1
"山西",1
"山里",1
"岗",1
"峰",1
"川越",1
"已",1
"巴国",1
"巷",1
"巷口",1
"巷子",1
"师",1
"帝",1
"師傅",1
"常",1
"幸运",1
"幾",1
"度",1
"庭",1
"廚",1
"廣場",1
"廣州",1
"廰",1
"廳",1
"廷",1
"建",1
"强",1
"当",1
"彩",1
"御厨",1
"心",1
"忠",1
"恒",1
"恩",1
"悅",1
"愛",1
"慧",1
"成",1
"打",1
"扬",1
"折起",1
"指",1
"振興",1
"捞",1
"捡",1
"排档",1
"排骨",1
"探",1
"搞",1
"摊",1
"撸",1
"據點",1
"放手一搏",1
"料理",1
"斯顿",1
"新東",1
"新派",1
"新港",1
"新美",1
"新聞",1
"新茶",1
"方程式",1
"日報",1
"早點",1
"时光",1
"旺旺",1
"明園",1
"星",1
"昧",1
"昶",1
"景",1
"更",1
"書房",1
"曼哈顿",1
"最",1
"會",1
"有",1
"有料",1
"木屋",1
"本",1
"朱",1
"朵頤",1
"朵颐",1
"李家",1
"杏",1
"村子",1
"東亞",1
"東來",1
"東江",1
"東雲",1
"松",1
"枪",1
"柒",1
"柳",1
"柴",1
"栓",1
"桃源",1
"棕",1
"棧",1
"森林",1
"椒",1
"椰林",1
"楓",1
"榕",1
"榮",1
"橙",1
"檔",1
"气",1
"气味",1
"水",1
"水鄉",1
"永兴",1
"永和",1
"汇",1
"汕",1
"汰",1
"沈",1
"沈阳",1
"沖",1
"河南",1
"沸騰",1
"沸點",1
"法拉",1
"波",1
"洛",1
"流口水",1
"海上",1
"海底",1
"海洋",1
"海灣",1
"涧",1
"液",1
"涼",1
"添",1
"清",1
"渡",1
"港台",1
"港式",1
"湖",1
"湘水",1
"湷",1
"湾仔",1
"滋",1
"滩",1
"滷味",1
"滿",1
"漁村",1
"澳門",1
"濃",1
"灣仔",1
"火烧",1
"火焰",1
"火爆",1
"火辣",1
"災",1
"炉",1
"炸",1
"烤鴨",1
"烤鸭",1
"烧",1
"烧饼",1
"烩",1
"焖",1
"無",1
"煇",1
"熏肉",1
"熱",1
"燃",1
"燻肉",1
"爐",1
"爱",1
"爱上",1
"特色",1
"独",1
"猫",1
"玉",1
"王府",1
"玛",1
"玛利亚",1
"琥珀",1
"瑞",1
"瑤",1
"瓊華",1
"瓦",1
"甜",1
"生活",1
"生生",1
"生肉",1
"百味",1
"百姓",1
"百家",1
"百川",1
"百度",1
"盆",1
"相逢",1
"真",1
"眷村",1
"知",1
"石油",1
"石頭",1
"砂",1
"祖",1
"神",1
"神采",1
"福星",1
"福氣",1
"福華",1
"禦",1
"禧",1
"禮",1
"秘密",1
"稔",1
"稻香",1
"穗",1
"空间",1
"窄巷",1
"章魚",1
"竹",1
"第一",1
"第二",1
"篒",1
"粮",1
"精",1
"經",1
"綫",1
"縣",1
"红",1
"纳",1
"绿",1
"罗兰",1
"美華",1
"義美",1
"翅",1
"耀",1
"老友",1
"老字號",1
"老板",1
"老酒",1
"耙",1
"耳朵",1
"肆",1
"肥",1
"胡同",1
"胶",1
"臨門",1
"自助",1
"臺",1
"臺灣",1
"舊",1
"舌头",1
"舌尖",1
"舍得",1
"舖",1
"舟",1
"色",1
"芝加哥",1
"花园",1
"芳",1
"苑",1
"茗",1
"茶室",1
"茶寮",1
"茶屋",1
"茶座",1
"茶飯",1
"荘",1
"荣",1
"莲",1
"華府",1
"華西街",1
"萬",1
"蒜",1
"蓉",1
"蓬",1
"蓮",1
"薈",1
"蘇",1
"蘇杭",1
"蘭",1
"蘭州",1
"虹",1
"蛋",1
"蛙",1
"蛳",1
"蜀道",1
"蝶",1
"螺",1
"蠡",1
"行",1
"衣",1
"补",1
"裕",1
"裘",1
"西南",1
"西市",1
"西西",1
"西部",1
"觅",1
"誼",1
"诸葛",1
"豪",1
"豫",1
"貴",1
"财",1
"贵",1
"费城",1
"越",1
"路边摊",1
"躍",1
"輝煌",1
"车",1
"辛辣",1
"辣妹",1
"达",1
"迎客",1
"适",1
"通",1
"逝",1
"連",1
"運",1
"過橋",1
"邊邊",1
"郑",1
"郑州",1
"鄉味",1
"酒",1
"酒吧",1
"酒馆",1
"酸辣",1
"醉",1
"采",1
"量",1
"金園",1
"金玉滿堂",1
"金華",1
"金门",1
"錡",1
"錦",1
"錦江",1
"鎮",1
"鐘",1
"鐡",1
"鐵",1
"鐵路",1
"钰",1
"钱",1
"铜",1
"铭",1
"银",1
"锦",1
"镇",1
"長",1
"長樂",1
"長江",1
"长",1
"长安",1
"长岛",1
"關東",1
"闫",1
"闹",1
"阳",1
"阿姐",1
"阿拉",1
"阿美",1
"陈",1
"陝西",1
"院",1
"陽",1
"隐",1
"隨便",1
"隱",1
"雙",1
"雞排",1
"雲",1
"雲南",1
"電視臺",1
"霧",1
"霸",1
"青島",1
"面粉",1
"韶山",1
"須",1
"頭",1
"風",1
"飄",1
"风",1
"飞",1
"食物",1
"飽",1
"養生",1
"餐館",1
"饌",1
"馋",1
"香味",1
"香阁",1
"馥",1
"馬路",1
"馳名",1
"马",1
"骨",1
"高",1
"魔力",1
"鱼丸",1
"鲁",1
"鳩",1
"鳮",1
"鳳",1
"鳳凰",1
"鴨",1
"鴻",1
"鴻福",1
"鵬",1
"鷄",1
"鷲",1
"鸟",1
"鸣",1
"鹏",1
"鹵味",1
"麗",1
"麟",1
"麵線",1
"麻婆豆腐",1
"龍山",1
"거성",1
"거송",1
"국빈반점",1
"낙궁",1
"남보완",1
"대영루",1
"덕영루",1
"덕향",1
"동천흥",1
"마라탕",1
"복회루",1
"북경반점",1
"뽕시스터즈",1
"뽕의나라",1
"삼국지",1
"상하이",1
"소림마라",1
"솔향기",1
"신흥루",1
"안동장",1
"야래향",1
"영풍",1
"옛날짜장",1
"왕짬뽕",1
"이비가짬뽕",1
"자금성",1
"중국집",1
"중화각",1
"중화반점",1
"중화요리",1
"진짜루",1
"짜브라더스",1
"짜장루",1
"짬뽕",1
"짬뽕지존",1
"천리향",1
"코끼리",1
"홍반장",1
"홍콩반점",1
